<annotation>
	<folder>2019_2_ART_2_20191116_151838</folder>
	<filename>frame38.jpg</filename>
	<path>C:\Users\Somesh\JupyterPython\NerveDectection\New_vedios\data\2019_2_ART_2_20191116_151838\frame38.jpg</path>
	<source>
		<database>Unknown</database>
	</source>
	<size>
		<width>620</width>
		<height>540</height>
		<depth>1</depth>
	</size>
	<segmented>0</segmented>
	<object>
		<name>AreaOfIntrest</name>
		<pose>Unspecified</pose>
		<truncated>0</truncated>
		<difficult>0</difficult>
		<bndbox>
			<xmin>350</xmin>
			<ymin>93</ymin>
			<xmax>415</xmax>
			<ymax>157</ymax>
		</bndbox>
	</object>
</annotation>
