<annotation>
	<folder>training_images</folder>
	<filename>frame186.jpg</filename>
	<path>C:\Users\Somesh\JupyterPython\NerveDectection\New_vedios\data\training_images\frame186.jpg</path>
	<source>
		<database>Unknown</database>
	</source>
	<size>
		<width>620</width>
		<height>540</height>
		<depth>1</depth>
	</size>
	<segmented>0</segmented>
	<object>
		<name>AreaOfIntrest</name>
		<pose>Unspecified</pose>
		<truncated>0</truncated>
		<difficult>0</difficult>
		<bndbox>
			<xmin>166</xmin>
			<ymin>187</ymin>
			<xmax>230</xmax>
			<ymax>250</ymax>
		</bndbox>
	</object>
</annotation>
